{
	"autociv.settings.reset.all": "false",
	"autociv.settings.reset.all2P": "false",
	"autociv.settings.autociv_readme.seen": "false",
	"autociv.mainmenu.suggestDefaultChanges": "true",
	"autociv.lobby.chat.subject.hide": "false",
	"autociv.lobby.gamelist.showHostName": "false",
	"autociv.lobby.pingPlayers.ignoreList": "Ratings, WFGBot, WFGbot, Triumvir, user1, Dunedan, Rollo, stanleysweet, vladislavbelov, Stan, Stan`, ~Defc0n, ModerationBot",
	"autociv.gamesetup.countdown.enabled": "false",
	"autociv.gamesetup.countdown.time": 5,
	"autociv.gamesetup.play.enabled": "false",
	"autociv.session.graphics.corpses.max": 50,
	"autociv.session.kill.nowarning": "false",
	"autociv.resizebar.enabled": "true",
	"autociv.session.chatPanel.size.change": "false",
	"autociv.session.chatPanel.size": "0 130 100% 100%-240",
	"autociv.session.statsOverlay.visible": "true",
	"autociv.session.statsOverlay.brightnessThreshold": 110,
	"autociv.session.statsOverlay.symbolizeRating": "false",
	"autociv.session.playersOverlay.visible": "true",
	"autociv.session.setHealersInitialStanceAggressive": "false",
    "hotkey.autociv.CLI.stdout.eval": "Alt",
    "hotkey.autociv.CLI.stdout.toggle": "Alt+S",
    "hotkey.autociv.CLI.toggle": "Ctrl+C+L",
    "hotkey.autociv.gamesetup.focus.chatInput": "Alt+Q",
    "hotkey.autociv.group.button.garrison": "Ctrl",
    "hotkey.autociv.lobby.focus.chatInput": "Alt+Q",
    "hotkey.autociv.lobby.focus.gameList": "Alt+W",
    "hotkey.autociv.lobby.gameList.selected.join": "Alt+E",
    "hotkey.autociv.lobby.host": "Ctrl+N",
    "hotkey.autociv.open.autociv_readme": "Shift+F4",
    "hotkey.autociv.open.test": "Ctrl+A+T",
    "hotkey.autociv.selection.nowoundedonly": "K",
    "hotkey.autociv.session.building.autoqueueoff": "Super+W",
    "hotkey.autociv.session.building.autotrain.disable": "\"Super+Q\", \"Super+W\"",
    "hotkey.autociv.session.building.autotrain.enable": "\"X\", \"C\", \"B\", \"N\", \"Semicolon\", \"Semicolon\"",
    "hotkey.autociv.session.building.place.amphitheater_pompeii": "",
    "hotkey.autociv.session.building.place.apadana": "",
    "hotkey.autociv.session.building.place.arch": "",
    "hotkey.autociv.session.building.place.army_camp": "",
    "hotkey.autociv.session.building.place.arsenal": "A",
    "hotkey.autociv.session.building.place.assembly": "",
    "hotkey.autociv.session.building.place.barracks": "B",
    "hotkey.autociv.session.building.place.camp_blemmye": "",
    "hotkey.autociv.session.building.place.camp_noba": "",
    "hotkey.autociv.session.building.place.civil_centre": "C",
    "hotkey.autociv.session.building.place.corral": "K",
    "hotkey.autociv.session.building.place.crannog": "",
    "hotkey.autociv.session.building.place.defense_tower": "D",
    "hotkey.autociv.session.building.place.dock": "Space+J",
    "hotkey.autociv.session.building.place.elephant_stables": "E",
    "hotkey.autociv.session.building.place.embassy": "",
    "hotkey.autociv.session.building.place.embassy_celtic": "",
    "hotkey.autociv.session.building.place.embassy_iberian": "",
    "hotkey.autociv.session.building.place.embassy_italic": "",
    "hotkey.autociv.session.building.place.farmstead": "Space+G",
    "hotkey.autociv.session.building.place.field": "F",
    "hotkey.autociv.session.building.place.forge": "N",
    "hotkey.autociv.session.building.place.fortress": "Space+R",
    "hotkey.autociv.session.building.place.gerousia": "",
    "hotkey.autociv.session.building.place.gymnasium": "",
    "hotkey.autociv.session.building.place.hall": "",
    "hotkey.autociv.session.building.place.house": "H",
    "hotkey.autociv.session.building.place.inn": "",
    "hotkey.autociv.session.building.place.library": "",
    "hotkey.autociv.session.building.place.lighthouse": "",
    "hotkey.autociv.session.building.place.market": "M",
    "hotkey.autociv.session.building.place.mercenary_camp": "",
    "hotkey.autociv.session.building.place.military_colony": "",
    "hotkey.autociv.session.building.place.monument": "",
    "hotkey.autociv.session.building.place.outpost": "\"Space+O\", \"Space+O\"",
    "hotkey.autociv.session.building.place.palace": "",
    "hotkey.autociv.session.building.place.pillar_ashoka": "",
    "hotkey.autociv.session.building.place.prytaneion": "",
    "hotkey.autociv.session.building.place.pyramid_large": "",
    "hotkey.autociv.session.building.place.pyramid_small": "",
    "hotkey.autociv.session.building.place.range": "",
    "hotkey.autociv.session.building.place.rotarymill": "",
    "hotkey.autociv.session.building.place.royal_stoa": "",
    "hotkey.autociv.session.building.place.sentry_tower": "Space+Y",
    "hotkey.autociv.session.building.place.shrine": "",
    "hotkey.autociv.session.building.place.stable": "V",
    "hotkey.autociv.session.building.place.storehouse": "S",
    "hotkey.autociv.session.building.place.super_dock": "",
    "hotkey.autociv.session.building.place.syssiton": "",
    "hotkey.autociv.session.building.place.tacara": "",
    "hotkey.autociv.session.building.place.tavern": "",
    "hotkey.autociv.session.building.place.temple": "T",
    "hotkey.autociv.session.building.place.temple_amun": "",
    "hotkey.autociv.session.building.place.temple_mars": "",
    "hotkey.autociv.session.building.place.temple_vesta": "",
    "hotkey.autociv.session.building.place.theater": "",
    "hotkey.autociv.session.building.place.tophet": "",
    "hotkey.autociv.session.building.place.tower_artillery": "",
    "hotkey.autociv.session.building.place.tower_babylon": "",
    "hotkey.autociv.session.building.place.tower_bolt": "",
    "hotkey.autociv.session.building.place.tower_double": "",
    "hotkey.autociv.session.building.place.wallset_palisade": "Space+E",
    "hotkey.autociv.session.building.place.wallset_short": "",
    "hotkey.autociv.session.building.place.wallset_siege": "U",
    "hotkey.autociv.session.building.place.wallset_stone": "W",
    "hotkey.autociv.session.building.place.warehouse": "",
    "hotkey.autociv.session.building.place.wonder": "",
    "hotkey.autociv.session.entity.by.class.select.((Elephant&Support)|(Elephant&Archer))": "Alt+E",
    "hotkey.autociv.session.entity.by.class.select.(Arsenal|ArmyCamp|Assembly|AmphitheaterPompeii|Apadana|Arch)": "Ctrl+A",
    "hotkey.autociv.session.entity.by.class.select.(Barracks|ElephantStable|Stable|Fortress|MilitaryColony|Arsenal|ArmyCamp)": "Ctrl+X",
    "hotkey.autociv.session.entity.by.class.select.(Catapult)": "Alt+K",
    "hotkey.autociv.session.entity.by.class.select.(CivilCentre|Corral|Crannog)": "Ctrl+C",
    "hotkey.autociv.session.entity.by.class.select.(Dock|Defense_tower|Dog)&!Ship": "Ctrl+D",
    "hotkey.autociv.session.entity.by.class.select.(Dog|Elephant)&!Support&!Archer": "Alt+D",
    "hotkey.autociv.session.entity.by.class.select.(Elephant&Support)": "Alt+N",
    "hotkey.autociv.session.entity.by.class.select.(Farmstead|Forge|Fortress)": "Ctrl+F",
    "hotkey.autociv.session.entity.by.class.select.(Infantry&Archer|Elephant&Archer)": "Alt+A",
    "hotkey.autociv.session.entity.by.class.select.(Infantry&Archer|Infantry&Javelineer|Elephant&Archer|Infantry&Slinger)": "Alt+A",
    "hotkey.autociv.session.entity.by.class.select.(Infantry&Javelineer)": "Alt+J",
    "hotkey.autociv.session.entity.by.class.select.(Infantry&Pikeman|Spearman)&!Ship": "Alt+P",
    "hotkey.autociv.session.entity.by.class.select.(Infantry)&!Archer": "Alt+S",
    "hotkey.autociv.session.entity.by.class.select.(Infantry)&!Archer&!Ship": "Alt+S",
    "hotkey.autociv.session.entity.by.class.select.(Library)": "Ctrl+L",
    "hotkey.autociv.session.entity.by.class.select.(Market|MilitaryColony)": "Ctrl+M",
    "hotkey.autociv.session.entity.by.class.select.(Ram)&!Ship": "Alt+R",
    "hotkey.autociv.session.entity.by.class.select.(Ram|Fortress)&!Ship": "Ctrl+R",
    "hotkey.autociv.session.entity.by.class.select.(Soldier|Infantry)&!Archer&!Javelineer&!Slinger&!Cavalry&!Ship": "Alt+S",
    "hotkey.autociv.session.entity.by.class.select.(Soldier|Siege|Dog)&!Ship": "Alt+Q",
    "hotkey.autociv.session.entity.by.class.select.(Soldier|Siege|Dog)&!Ship&!Ram": "",
    "hotkey.autociv.session.entity.by.class.select.(Soldier|Siege|Dog|Spearman|Malee|Infantry|Hoplite)&!Ship": "Alt+M",
    "hotkey.autociv.session.entity.by.class.select.(Storehouse|Ship|Stable|ElephantStable|Farmstead|Forge|Dock)": "Ctrl+S",
    "hotkey.autociv.session.entity.by.class.select.(Support|Soldier|Cavalry|Siege|Dog)&!Ship": "Alt+Ctrl",
    "hotkey.autociv.session.entity.by.class.select.(Temple|Tower)&!Ship": "Ctrl+T",
    "hotkey.autociv.session.entity.by.class.select.Cavalry": "Alt+C",
    "hotkey.autociv.session.entity.by.class.select.Cavalry.by.group.none": "",
    "hotkey.autociv.session.entity.by.class.select.Healer": "Alt+H",
    "hotkey.autociv.session.entity.by.class.select.Infantry": "Alt+I",
    "hotkey.autociv.session.entity.by.class.select.Ranged": "",
    "hotkey.autociv.session.entity.by.class.select.Siege": "Alt+V",
    "hotkey.autociv.session.entity.by.class.select.Support&Worker": "Alt+W",
    "hotkey.autociv.session.entity.by.class.select.Support&Worker|(Support&Elephant)": "Alt+N",
    "hotkey.autociv.session.entity.by.health.nowounded.by.class.select.Cavalry": "",
    "hotkey.autociv.session.entity.by.health.wounded.by.class.select.(Cavalry|Infantry|Soldier|Siege|Dog|Elephant|Support)": "J",
    "hotkey.autociv.session.entity.by.health.wounded.by.class.select.Cavalry": "",
    "hotkey.autociv.session.entity.by.rank.1": "",
    "hotkey.autociv.session.entity.by.rank.2": "",
    "hotkey.autociv.session.entity.by.rank.3": "",
    "hotkey.autociv.session.entity.by.screen.no": "",
    "hotkey.autociv.session.entity.by.screen.yes": "",
    "hotkey.autociv.session.entity.by.state.idle": "",
    "hotkey.autociv.session.entity.select.amphitheater_pompeii": "",
    "hotkey.autociv.session.entity.select.apadana": "",
    "hotkey.autociv.session.entity.select.arch": "",
    "hotkey.autociv.session.entity.select.army_camp": "",
    "hotkey.autociv.session.entity.select.arsenal": "Ctrl+A",
    "hotkey.autociv.session.entity.select.assembly": "",
    "hotkey.autociv.session.entity.select.barracks": "Ctrl+B",
    "hotkey.autociv.session.entity.select.camp_blemmye": "",
    "hotkey.autociv.session.entity.select.camp_noba": "",
    "hotkey.autociv.session.entity.select.civil_centre": "Ctrl+C",
    "hotkey.autociv.session.entity.select.corral": "Ctrl+K",
    "hotkey.autociv.session.entity.select.crannog": "",
    "hotkey.autociv.session.entity.select.defense_tower": "Ctrl+D",
    "hotkey.autociv.session.entity.select.dock": "Ctrl+J",
    "hotkey.autociv.session.entity.select.elephant_stables": "Ctrl+E",
    "hotkey.autociv.session.entity.select.embassy": "",
    "hotkey.autociv.session.entity.select.embassy_celtic": "",
    "hotkey.autociv.session.entity.select.embassy_iberian": "",
    "hotkey.autociv.session.entity.select.embassy_italic": "",
    "hotkey.autociv.session.entity.select.farmstead": "Ctrl+G",
    "hotkey.autociv.session.entity.select.field": "Ctrl+Shift+F",
    "hotkey.autociv.session.entity.select.forge": "Ctrl+N",
    "hotkey.autociv.session.entity.select.fortress": "Ctrl+R",
    "hotkey.autociv.session.entity.select.gerousia": "",
    "hotkey.autociv.session.entity.select.gymnasium": "",
    "hotkey.autociv.session.entity.select.hall": "",
    "hotkey.autociv.session.entity.select.house": "Ctrl+H",
    "hotkey.autociv.session.entity.select.inn": "",
    "hotkey.autociv.session.entity.select.library": "",
    "hotkey.autociv.session.entity.select.lighthouse": "",
    "hotkey.autociv.session.entity.select.market": "Ctrl+M",
    "hotkey.autociv.session.entity.select.mercenary_camp": "",
    "hotkey.autociv.session.entity.select.military_colony": "",
    "hotkey.autociv.session.entity.select.monument": "",
    "hotkey.autociv.session.entity.select.outpost": "Ctrl+O",
    "hotkey.autociv.session.entity.select.palace": "",
    "hotkey.autociv.session.entity.select.pillar_ashoka": "",
    "hotkey.autociv.session.entity.select.prytaneion": "",
    "hotkey.autociv.session.entity.select.pyramid_large": "",
    "hotkey.autociv.session.entity.select.pyramid_small": "",
    "hotkey.autociv.session.entity.select.range": "",
    "hotkey.autociv.session.entity.select.rotarymill": "",
    "hotkey.autociv.session.entity.select.royal_stoa": "",
    "hotkey.autociv.session.entity.select.sentry_tower": "Ctrl+Y",
    "hotkey.autociv.session.entity.select.shrine": "",
    "hotkey.autociv.session.entity.select.stable": "Ctrl+Z",
    "hotkey.autociv.session.entity.select.storehouse": "Ctrl+V",
    "hotkey.autociv.session.entity.select.super_dock": "",
    "hotkey.autociv.session.entity.select.syssiton": "",
    "hotkey.autociv.session.entity.select.tacara": "",
    "hotkey.autociv.session.entity.select.tavern": "",
    "hotkey.autociv.session.entity.select.temple": "Ctrl+T",
    "hotkey.autociv.session.entity.select.temple_amun": "",
    "hotkey.autociv.session.entity.select.temple_mars": "",
    "hotkey.autociv.session.entity.select.temple_vesta": "",
    "hotkey.autociv.session.entity.select.theater": "",
    "hotkey.autociv.session.entity.select.tophet": "",
    "hotkey.autociv.session.entity.select.tower_artillery": "",
    "hotkey.autociv.session.entity.select.tower_babylon": "",
    "hotkey.autociv.session.entity.select.tower_bolt": "",
    "hotkey.autociv.session.entity.select.tower_double": "",
    "hotkey.autociv.session.entity.select.wallset_palisade": "",
    "hotkey.autociv.session.entity.select.wallset_short": "",
    "hotkey.autociv.session.entity.select.wallset_siege": "",
    "hotkey.autociv.session.entity.select.wallset_stone": "",
    "hotkey.autociv.session.entity.select.warehouse": "",
    "hotkey.autociv.session.entity.select.wonder": "Ctrl+W",
    "hotkey.autociv.session.exit": "Shift+Esc",
    "hotkey.autociv.session.formation.set.anti_cavalry": "",
    "hotkey.autociv.session.formation.set.battle_line": "Space+0",
    "hotkey.autociv.session.formation.set.box": "Space+2",
    "hotkey.autociv.session.formation.set.column_closed": "Space+3",
    "hotkey.autociv.session.formation.set.column_open": "Space+5",
    "hotkey.autociv.session.formation.set.flank": "Space+7",
    "hotkey.autociv.session.formation.set.line_closed": "Space+4",
    "hotkey.autociv.session.formation.set.line_open": "Space+6",
    "hotkey.autociv.session.formation.set.null": "Space+1",
    "hotkey.autociv.session.formation.set.phalanx": "",
    "hotkey.autociv.session.formation.set.scatter": "",
    "hotkey.autociv.session.formation.set.skirmish": "Space+8",
    "hotkey.autociv.session.formation.set.syntagma": "Space+Quote",
    "hotkey.autociv.session.formation.set.testudo": "",
    "hotkey.autociv.session.formation.set.wedge": "Space+9",
    "hotkey.autociv.session.minimap.expand.toggle": "Shift+Tab",
    "hotkey.autociv.session.production.queue.clear": "Shift+R",
    "hotkey.autociv.session.stance.set.aggressive": "Alt+2",
    "hotkey.autociv.session.stance.set.defensive": "Alt+3",
    "hotkey.autociv.session.stance.set.passive": "Alt+4",
    "hotkey.autociv.session.stance.set.standground": "Alt+5",
    "hotkey.autociv.session.stance.set.violent": "Alt+1",
    "hotkey.boongui.session.controlPanel.1": "1+X",
    "hotkey.boongui.session.controlPanel.2": "2+X",
    "hotkey.boongui.session.controlPanel.3": "3+X",
    "hotkey.boongui.session.controlPanel.4": "4+X",
    "hotkey.boongui.session.controlPanel.5": "5+X",
    "hotkey.boongui.session.controlPanel.6": "6+X",
    "hotkey.boongui.session.controlPanel.7": "7+X",
    "hotkey.boongui.session.controlPanel.8": "8+X",
    "hotkey.boongui.session.controlPanel.9": "Space+Tab",
    "hotkey.boongui.session.controlPanel.mode.1": "1+X",
    "hotkey.boongui.session.controlPanel.mode.2": "2+X",
    "hotkey.boongui.session.controlPanel.mode.3": "3+X",
    "hotkey.boongui.session.controlPanel.mode.4": "4+X",
    "hotkey.boongui.session.controlPanel.mode.5": "5+X",
    "hotkey.camera.reset": "",
    "hotkey.camera.zoom.in": "WheelUp",
    "hotkey.camera.zoom.out": "WheelDown",
    "hotkey.circularcamera.jump.1": "CapsLock+Q",
    "hotkey.circularcamera.jump.2": "CapsLock+W",
    "hotkey.circularcamera.jump.3": "CapsLock+E",
    "hotkey.circularcamera.jump.4": "A+CapsLock",
    "hotkey.circularcamera.jump.5": "CapsLock+S",
    "hotkey.circularcamera.jump.6": "CapsLock+D",
    "hotkey.circularcamera.jump.7": "CapsLock+Z",
    "hotkey.circularcamera.jump.8": "CapsLock+X",
    "hotkey.circularcamera.jump.9": "C+CapsLock",
    "hotkey.circularcamera.radius.decrease": "CapsLock+Minus",
    "hotkey.circularcamera.radius.increase": "CapsLock+Plus",
    "hotkey.circularcamera.radius.reset": "CapsLock+R",
    "hotkey.console.toggle": "Ctrl+Shift",
    "hotkey.macros.run": "F11",
    "hotkey.macros.toggle": "F10",
    "hotkey.progui.session.controlPanel.1": "1+X",
    "hotkey.progui.session.controlPanel.2": "2+X",
    "hotkey.progui.session.controlPanel.3": "3+X",
    "hotkey.progui.session.controlPanel.4": "4+X",
    "hotkey.progui.session.controlPanel.5": "5+X",
    "hotkey.progui.session.controlPanel.6": "6+X",
    "hotkey.progui.session.controlPanel.7": "7+X",
    "hotkey.progui.session.controlPanel.8": "8+X",
    "hotkey.progui.session.controlPanel.9": "9+X",
    "hotkey.progui.stockfish.off": "F10",
    "hotkey.progui.stockfish.on": "F9",
    "hotkey.resetqueue.all": "Super+R",
    "hotkey.resetqueue.resetqueue": "Shift+Esc",
    "hotkey.session.queueunit.autoqueueoff": "Alt+W",
    "hotkey.session.queueunit.autoqueueon": "\"Y\", \"X\", \"C\", \"B\", \"N\", \"N\", \"N\"",
    "hotkey.session.stop": "",
    "hotkey.togglefullscreen": "F11"
  }
