{
	"random": ["random", "rando"],
	"athen" : ["athenians", "athen","greece","greeks"],
	"brit"  : ["britons", "brits", "britania"],
	"cart"  : ["carthaginians", "carta", "carthage"],
	"spart" : ["spartans", "sparta", "esparta"],
	"gaul"  : ["gauls", "galos","gauleses","celts"],
	"iber"  : ["iberians", "ibers","iberic"],
	"maur"  : ["mauryans", "maury", "india", "mauritian","indians"],
	"kush"  : ["kushites", "kushi"],
	"mace"  : ["macedonians", "maced"],
	"pers"  : ["persians", "persa"],
	"ptol"  : ["ptolemies", "ptol", "ptolo", "ptololo", "ptolomeos", "ptoleme"],
	"rome"  : ["romans", "rome","S.P.Q.R"],
	"sele"  : ["seleucids", "seleuc", "seles"],
	"han"	: ["han","china","asia","chinese"]
}
